'Ambrosino','Pisani','Raut1976'
'Quintiliano','Cocci','Geoppince'
'Edmonda','Lo Duca','Aturneve1941'
'Arabella','Milanesi','Kitime'
'Lionella','Bergamaschi','Thaddetishe'
'Martino','Mancini','Caphy1941'
'Aida','Pirozzi','Lingthe'
'Crispino','Pinto','Thro1949'
'Olga','Pisano','Linlantrint'
'Norberto','Onio','Tiness1980'
'Monica','Palerma','Shopmed1970'
'Angelina','Mazzi','Hisomed'
'Settimio','Romani','Herect'
'Giona','Cocci','Licureaund81'
'Frida','Ferri','Naromancles78'
'Amedeo','Calabrese','Thaveling'
'Alfonsino','Lucchese','Waysainew'
'Terenzio','Bergamaschi','Rourts'
'Fiorello','Marchesi','Bookel'
'Settimio','Bergamaschi','Thelint'
'Duccio','Udinesi','Shase1963'
'Giulio','Colombo','Saistopen'
'Quirino','Calabrese','Admiand'
'Osvaldo','Cremonesi','Witheath'
'Tommaso','Greece','Tegaves1961'
'Grazia','Buccho','Timstrance1965'
'Renzo','Loggia','Ancestright1960'
'Aurora','Schiavone','Whoodger'
'Liliana','Buccho','Smut1939'
'Fabrizia','Castiglione','Dampacked'
'Sesto','Folliero','Coice1991'
'Maia','Marcelo','Dowerat'
'Eustorgio','Ferri','Entratis'
'Natalino','Siciliano','Fittle74'
'Sandra','Udinese','Salogned'
'Maia','Bellucci','Laceirdid1962'
'Erminio','Pagnotto','Upyrairow'
'Alfonsa','Calabresi','Prepaing'
'Siro','Pirozzi','Andhom'
'Quintiliano','Genovese','Gothered'
'Angelina','Padovano','Olstoord'
'Pupetta','Padovesi','Fiedill'
'Filiberto','Colombo','Eact1988'
'Francesco','Manna','Otinsilly'
'Delfio','Cattaneo','Goidesseem'
'Adalgisa','Calabrese','Bettpou'
'Lelia','Romani','Webervat1975'
'Antonia','Iadanza','Folong'
'Ausonia','Schiavone','Obbes1944'
'Eleonora','Arcuri','Fixied'
'Orlando','Monaldo','Foused'
'Elvia','Piccio','Exhicand'
'Matilde','Trevisano','Thiscoady'
'Albano','Marino','Grapply'
'Averardo','Folliero','Dannot'
'Adalberta','Lombardo','Whermar'
'Benvenuto','Marcelo','Andestalmoss'
'Aleandro','Milano','Exther'
'Anna Maria','Marchesi','Giand1988'
'Remo','Pugliesi','Thippers'
'Vittorio','Pirozzi','Therstrats'
'Lucilla','Bruno','Peat1969'
'Costantino','Palerma','Abey1960'
'Maia','Sal','Wineirle'
'Virgilia','Pirozzi','Inctureniou'
'Giordano','Rossi','Weepame'
'Adamo','Pisano','Potalefted'
'Quadrato','Bellucci','Snank1952'
'Geronima','Panicucci','Strinter'
'Antonino','Fiorentini','Ancon1989'
'Germana','Bruno','Siverah'
'Battista','Lombardo','Applad'
'Amalia','Pisano','Fellnisomer'
'Quinto','Greco','Hiseld'
'Cordelia','Lucchesi','Therewo'
'Leonida','Piccio','Ades1967'
'Rocco','Milani','Saysidge'
'Barbara','Lucchese','Sheire'
'Fulvio','Pirozzi','Threaske'
'Olga','Milani','Palaing'
'Brigida','Pinto','Pirs1987'
'Efisio','Siciliani','Begaver'
'Santa','Fanucci','Theivein53'
'Publio','Longo','Theirthe'
'Aloisio','Romano','Bace1972'
'Luana','Trevisano','Theraten'
'Baldovino','Pisano','Anturt'
'Mirella','Zetticci','Veaurse'
'Vincenza','Folliero','Plam1933'
'Landolfo','Gallo','Kinary'
'Napoleone','Nucci','Stabothe'
'Samuele','Calabresi','Horanot1958'
'Silvestro','Udinesi','Histle'
'Vincenza','Moretti','Vartiou'
'Filippo','Calabrese','Suedivicer'
'Silvano','Piccio','Therelf'
'Arrigo','Longo','Toutur'
'Santina','Boni','Whismat'
'Dimitri','Fiorentino','Restred'
'Aimone','Romano','Leoplike');
